Date Quarter Ended,Quarter,Industry Code,Industry Type,Industry,GDP (millions of current dollars)
03/31/2005,2005Q1,3,Private Industries,"Agriculture, forestry, fishing, and hunting",5124
03/31/2005,2005Q1,6,Private Industries,Mining,238
03/31/2005,2005Q1,10,Private Industries,Utilities,2202
03/31/2005,2005Q1,11,Private Industries,Construction,4966
03/31/2005,2005Q1,12,Private Industries,Manufacturing,24483
03/31/2005,2005Q1,34,Private Industries,Wholesale trade,6547
03/31/2005,2005Q1,35,Private Industries,Retail trade,7323
03/31/2005,2005Q1,36,Private Industries,Transportation and warehousing,4021
03/31/2005,2005Q1,45,Private Industries,Information,4035
03/31/2005,2005Q1,51,Private Industries,Finance and insurance,16998
03/31/2005,2005Q1,56,Private Industries,Real estate and rental and leasing,11363
03/31/2005,2005Q1,60,Private Industries,"Professional, scientific, and technical services",3246
03/31/2005,2005Q1,64,Private Industries,Management of companies and enterprises,990
03/31/2005,2005Q1,65,Private Industries,Administrative and waste management services,2258
03/31/2005,2005Q1,69,Private Industries,Educational services,988
03/31/2005,2005Q1,70,Private Industries,Health care and social assistance,7930
03/31/2005,2005Q1,75,Private Industries,"Arts, entertainment, and recreation",764
03/31/2005,2005Q1,78,Private Industries,Accommodation and food services,2468
03/31/2005,2005Q1,81,Private Industries,"Other services, except government",2661
03/31/2005,2005Q1,82,Government,Government,13682
06/30/2005,2005Q2,3,Private Industries,"Agriculture, forestry, fishing, and hunting",5318
06/30/2005,2005Q2,6,Private Industries,Mining,264
06/30/2005,2005Q2,10,Private Industries,Utilities,2052
06/30/2005,2005Q2,11,Private Industries,Construction,5115
06/30/2005,2005Q2,12,Private Industries,Manufacturing,24232
06/30/2005,2005Q2,34,Private Industries,Wholesale trade,6542
06/30/2005,2005Q2,35,Private Industries,Retail trade,7390
06/30/2005,2005Q2,36,Private Industries,Transportation and warehousing,4193
06/30/2005,2005Q2,45,Private Industries,Information,4022
06/30/2005,2005Q2,51,Private Industries,Finance and insurance,17057
06/30/2005,2005Q2,56,Private Industries,Real estate and rental and leasing,11367
06/30/2005,2005Q2,60,Private Industries,"Professional, scientific, and technical services",3262
06/30/2005,2005Q2,64,Private Industries,Management of companies and enterprises,1018
06/30/2005,2005Q2,65,Private Industries,Administrative and waste management services,2286
06/30/2005,2005Q2,69,Private Industries,Educational services,998
06/30/2005,2005Q2,70,Private Industries,Health care and social assistance,7966
06/30/2005,2005Q2,75,Private Industries,"Arts, entertainment, and recreation",733
06/30/2005,2005Q2,78,Private Industries,Accommodation and food services,2467
06/30/2005,2005Q2,81,Private Industries,"Other services, except government",2664
06/30/2005,2005Q2,82,Government,Government,14008
09/30/2005,2005Q3,3,Private Industries,"Agriculture, forestry, fishing, and hunting",4834
09/30/2005,2005Q3,6,Private Industries,Mining,283
09/30/2005,2005Q3,10,Private Industries,Utilities,2177
09/30/2005,2005Q3,11,Private Industries,Construction,5282
09/30/2005,2005Q3,12,Private Industries,Manufacturing,24333
09/30/2005,2005Q3,34,Private Industries,Wholesale trade,6725
09/30/2005,2005Q3,35,Private Industries,Retail trade,7475
09/30/2005,2005Q3,36,Private Industries,Transportation and warehousing,4371
09/30/2005,2005Q3,45,Private Industries,Information,4134
09/30/2005,2005Q3,51,Private Industries,Finance and insurance,17596
09/30/2005,2005Q3,56,Private Industries,Real estate and rental and leasing,11541
09/30/2005,2005Q3,60,Private Industries,"Professional, scientific, and technical services",3305
09/30/2005,2005Q3,64,Private Industries,Management of companies and enterprises,1067
09/30/2005,2005Q3,65,Private Industries,Administrative and waste management services,2317
09/30/2005,2005Q3,69,Private Industries,Educational services,1003
09/30/2005,2005Q3,70,Private Industries,Health care and social assistance,8139
09/30/2005,2005Q3,75,Private Industries,"Arts, entertainment, and recreation",758
09/30/2005,2005Q3,78,Private Industries,Accommodation and food services,2464
09/30/2005,2005Q3,81,Private Industries,"Other services, except government",2700
09/30/2005,2005Q3,82,Government,Government,14119
12/31/2005,2005Q4,3,Private Industries,"Agriculture, forestry, fishing, and hunting",4175
12/31/2005,2005Q4,6,Private Industries,Mining,331
12/31/2005,2005Q4,10,Private Industries,Utilities,2297
12/31/2005,2005Q4,11,Private Industries,Construction,5210
12/31/2005,2005Q4,12,Private Industries,Manufacturing,24365
12/31/2005,2005Q4,34,Private Industries,Wholesale trade,6807
12/31/2005,2005Q4,35,Private Industries,Retail trade,7477
12/31/2005,2005Q4,36,Private Industries,Transportation and warehousing,4484
12/31/2005,2005Q4,45,Private Industries,Information,3985
12/31/2005,2005Q4,51,Private Industries,Finance and insurance,16599
12/31/2005,2005Q4,56,Private Industries,Real estate and rental and leasing,11493
12/31/2005,2005Q4,60,Private Industries,"Professional, scientific, and technical services",3339
12/31/2005,2005Q4,64,Private Industries,Management of companies and enterprises,1130
12/31/2005,2005Q4,65,Private Industries,Administrative and waste management services,2334
12/31/2005,2005Q4,69,Private Industries,Educational services,1000
12/31/2005,2005Q4,70,Private Industries,Health care and social assistance,8295
12/31/2005,2005Q4,75,Private Industries,"Arts, entertainment, and recreation",775
12/31/2005,2005Q4,78,Private Industries,Accommodation and food services,2491
12/31/2005,2005Q4,81,Private Industries,"Other services, except government",2721
12/31/2005,2005Q4,82,Government,Government,14243
03/31/2006,2006Q1,3,Private Industries,"Agriculture, forestry, fishing, and hunting",4645
03/31/2006,2006Q1,6,Private Industries,Mining,322
03/31/2006,2006Q1,10,Private Industries,Utilities,2497
03/31/2006,2006Q1,11,Private Industries,Construction,5628
03/31/2006,2006Q1,12,Private Industries,Manufacturing,26347
03/31/2006,2006Q1,34,Private Industries,Wholesale trade,6875
03/31/2006,2006Q1,35,Private Industries,Retail trade,7539
03/31/2006,2006Q1,36,Private Industries,Transportation and warehousing,4592
03/31/2006,2006Q1,45,Private Industries,Information,3897
03/31/2006,2006Q1,51,Private Industries,Finance and insurance,15313
03/31/2006,2006Q1,56,Private Industries,Real estate and rental and leasing,10801
03/31/2006,2006Q1,60,Private Industries,"Professional, scientific, and technical services",3373
03/31/2006,2006Q1,64,Private Industries,Management of companies and enterprises,1145
03/31/2006,2006Q1,65,Private Industries,Administrative and waste management services,2428
03/31/2006,2006Q1,69,Private Industries,Educational services,1050
03/31/2006,2006Q1,70,Private Industries,Health care and social assistance,8377
03/31/2006,2006Q1,75,Private Industries,"Arts, entertainment, and recreation",922
03/31/2006,2006Q1,78,Private Industries,Accommodation and food services,2544
03/31/2006,2006Q1,81,Private Industries,"Other services, except government",2762
03/31/2006,2006Q1,82,Government,Government,14393
06/30/2006,2006Q2,3,Private Industries,"Agriculture, forestry, fishing, and hunting",4868
06/30/2006,2006Q2,6,Private Industries,Mining,350
06/30/2006,2006Q2,10,Private Industries,Utilities,2611
06/30/2006,2006Q2,11,Private Industries,Construction,5545
06/30/2006,2006Q2,12,Private Industries,Manufacturing,26760
06/30/2006,2006Q2,34,Private Industries,Wholesale trade,7021
06/30/2006,2006Q2,35,Private Industries,Retail trade,7561
06/30/2006,2006Q2,36,Private Industries,Transportation and warehousing,4653
06/30/2006,2006Q2,45,Private Industries,Information,4231
06/30/2006,2006Q2,51,Private Industries,Finance and insurance,15091
06/30/2006,2006Q2,56,Private Industries,Real estate and rental and leasing,12088
06/30/2006,2006Q2,60,Private Industries,"Professional, scientific, and technical services",3441
06/30/2006,2006Q2,64,Private Industries,Management of companies and enterprises,1180
06/30/2006,2006Q2,65,Private Industries,Administrative and waste management services,2442
06/30/2006,2006Q2,69,Private Industries,Educational services,1049
06/30/2006,2006Q2,70,Private Industries,Health care and social assistance,8480
06/30/2006,2006Q2,75,Private Industries,"Arts, entertainment, and recreation",920
06/30/2006,2006Q2,78,Private Industries,Accommodation and food services,2532
06/30/2006,2006Q2,81,Private Industries,"Other services, except government",2776
06/30/2006,2006Q2,82,Government,Government,14568
09/30/2006,2006Q3,3,Private Industries,"Agriculture, forestry, fishing, and hunting",5061
09/30/2006,2006Q3,6,Private Industries,Mining,337
09/30/2006,2006Q3,10,Private Industries,Utilities,2546
09/30/2006,2006Q3,11,Private Industries,Construction,5375
09/30/2006,2006Q3,12,Private Industries,Manufacturing,26244
09/30/2006,2006Q3,34,Private Industries,Wholesale trade,7036
09/30/2006,2006Q3,35,Private Industries,Retail trade,7492
09/30/2006,2006Q3,36,Private Industries,Transportation and warehousing,4656
09/30/2006,2006Q3,45,Private Industries,Information,4466
09/30/2006,2006Q3,51,Private Industries,Finance and insurance,15144
09/30/2006,2006Q3,56,Private Industries,Real estate and rental and leasing,11880
09/30/2006,2006Q3,60,Private Industries,"Professional, scientific, and technical services",3462
09/30/2006,2006Q3,64,Private Industries,Management of companies and enterprises,1215
09/30/2006,2006Q3,65,Private Industries,Administrative and waste management services,2442
09/30/2006,2006Q3,69,Private Industries,Educational services,1050
09/30/2006,2006Q3,70,Private Industries,Health care and social assistance,8509
09/30/2006,2006Q3,75,Private Industries,"Arts, entertainment, and recreation",883
09/30/2006,2006Q3,78,Private Industries,Accommodation and food services,2541
09/30/2006,2006Q3,81,Private Industries,"Other services, except government",2778
09/30/2006,2006Q3,82,Government,Government,14776
12/31/2006,2006Q4,3,Private Industries,"Agriculture, forestry, fishing, and hunting",5283
12/31/2006,2006Q4,6,Private Industries,Mining,312
12/31/2006,2006Q4,10,Private Industries,Utilities,2537
12/31/2006,2006Q4,11,Private Industries,Construction,5435
12/31/2006,2006Q4,12,Private Industries,Manufacturing,25841
12/31/2006,2006Q4,34,Private Industries,Wholesale trade,7032
12/31/2006,2006Q4,35,Private Industries,Retail trade,7439
12/31/2006,2006Q4,36,Private Industries,Transportation and warehousing,4789
12/31/2006,2006Q4,45,Private Industries,Information,4231
12/31/2006,2006Q4,51,Private Industries,Finance and insurance,17129
12/31/2006,2006Q4,56,Private Industries,Real estate and rental and leasing,12291
12/31/2006,2006Q4,60,Private Industries,"Professional, scientific, and technical services",3529
12/31/2006,2006Q4,64,Private Industries,Management of companies and enterprises,1241
12/31/2006,2006Q4,65,Private Industries,Administrative and waste management services,2496
12/31/2006,2006Q4,69,Private Industries,Educational services,1070
12/31/2006,2006Q4,70,Private Industries,Health care and social assistance,8636
12/31/2006,2006Q4,75,Private Industries,"Arts, entertainment, and recreation",871
12/31/2006,2006Q4,78,Private Industries,Accommodation and food services,2586
12/31/2006,2006Q4,81,Private Industries,"Other services, except government",2777
12/31/2006,2006Q4,82,Government,Government,14809
03/31/2007,2007Q1,3,Private Industries,"Agriculture, forestry, fishing, and hunting",6492
03/31/2007,2007Q1,6,Private Industries,Mining,364
03/31/2007,2007Q1,10,Private Industries,Utilities,2822
03/31/2007,2007Q1,11,Private Industries,Construction,5614
03/31/2007,2007Q1,12,Private Industries,Manufacturing,25424
03/31/2007,2007Q1,34,Private Industries,Wholesale trade,7137
03/31/2007,2007Q1,35,Private Industries,Retail trade,7442
03/31/2007,2007Q1,36,Private Industries,Transportation and warehousing,4628
03/31/2007,2007Q1,45,Private Industries,Information,4417
03/31/2007,2007Q1,51,Private Industries,Finance and insurance,18804
03/31/2007,2007Q1,56,Private Industries,Real estate and rental and leasing,12308
03/31/2007,2007Q1,60,Private Industries,"Professional, scientific, and technical services",3641
03/31/2007,2007Q1,64,Private Industries,Management of companies and enterprises,1297
03/31/2007,2007Q1,65,Private Industries,Administrative and waste management services,2593
03/31/2007,2007Q1,69,Private Industries,Educational services,1072
03/31/2007,2007Q1,70,Private Industries,Health care and social assistance,8591
03/31/2007,2007Q1,75,Private Industries,"Arts, entertainment, and recreation",1129
03/31/2007,2007Q1,78,Private Industries,Accommodation and food services,2559
03/31/2007,2007Q1,81,Private Industries,"Other services, except government",2796
03/31/2007,2007Q1,82,Government,Government,14966
06/30/2007,2007Q2,3,Private Industries,"Agriculture, forestry, fishing, and hunting",6094
06/30/2007,2007Q2,6,Private Industries,Mining,324
06/30/2007,2007Q2,10,Private Industries,Utilities,2617
06/30/2007,2007Q2,11,Private Industries,Construction,5613
06/30/2007,2007Q2,12,Private Industries,Manufacturing,26033
06/30/2007,2007Q2,34,Private Industries,Wholesale trade,7346
06/30/2007,2007Q2,35,Private Industries,Retail trade,7556
06/30/2007,2007Q2,36,Private Industries,Transportation and warehousing,4909
06/30/2007,2007Q2,45,Private Industries,Information,4519
06/30/2007,2007Q2,51,Private Industries,Finance and insurance,20537
06/30/2007,2007Q2,56,Private Industries,Real estate and rental and leasing,12880
06/30/2007,2007Q2,60,Private Industries,"Professional, scientific, and technical services",3732
06/30/2007,2007Q2,64,Private Industries,Management of companies and enterprises,1425
06/30/2007,2007Q2,65,Private Industries,Administrative and waste management services,2696
06/30/2007,2007Q2,69,Private Industries,Educational services,1083
06/30/2007,2007Q2,70,Private Industries,Health care and social assistance,8761
06/30/2007,2007Q2,75,Private Industries,"Arts, entertainment, and recreation",1103
06/30/2007,2007Q2,78,Private Industries,Accommodation and food services,2635
06/30/2007,2007Q2,81,Private Industries,"Other services, except government",2844
06/30/2007,2007Q2,82,Government,Government,15144
09/30/2007,2007Q3,3,Private Industries,"Agriculture, forestry, fishing, and hunting",5840
09/30/2007,2007Q3,6,Private Industries,Mining,309
09/30/2007,2007Q3,10,Private Industries,Utilities,2539
09/30/2007,2007Q3,11,Private Industries,Construction,5672
09/30/2007,2007Q3,12,Private Industries,Manufacturing,26397
09/30/2007,2007Q3,34,Private Industries,Wholesale trade,7473
09/30/2007,2007Q3,35,Private Industries,Retail trade,7530
09/30/2007,2007Q3,36,Private Industries,Transportation and warehousing,4670
09/30/2007,2007Q3,45,Private Industries,Information,4610
09/30/2007,2007Q3,51,Private Industries,Finance and insurance,20106
09/30/2007,2007Q3,56,Private Industries,Real estate and rental and leasing,13427
09/30/2007,2007Q3,60,Private Industries,"Professional, scientific, and technical services",3823
09/30/2007,2007Q3,64,Private Industries,Management of companies and enterprises,1367
09/30/2007,2007Q3,65,Private Industries,Administrative and waste management services,2810
09/30/2007,2007Q3,69,Private Industries,Educational services,1116
09/30/2007,2007Q3,70,Private Industries,Health care and social assistance,8859
09/30/2007,2007Q3,75,Private Industries,"Arts, entertainment, and recreation",1114
09/30/2007,2007Q3,78,Private Industries,Accommodation and food services,2684
09/30/2007,2007Q3,81,Private Industries,"Other services, except government",2855
09/30/2007,2007Q3,82,Government,Government,15351
12/31/2007,2007Q4,3,Private Industries,"Agriculture, forestry, fishing, and hunting",6874
12/31/2007,2007Q4,6,Private Industries,Mining,318
12/31/2007,2007Q4,10,Private Industries,Utilities,2394
12/31/2007,2007Q4,11,Private Industries,Construction,5693
12/31/2007,2007Q4,12,Private Industries,Manufacturing,27026
12/31/2007,2007Q4,34,Private Industries,Wholesale trade,7589
12/31/2007,2007Q4,35,Private Industries,Retail trade,7609
12/31/2007,2007Q4,36,Private Industries,Transportation and warehousing,4845
12/31/2007,2007Q4,45,Private Industries,Information,4674
12/31/2007,2007Q4,51,Private Industries,Finance and insurance,18468
12/31/2007,2007Q4,56,Private Industries,Real estate and rental and leasing,13904
12/31/2007,2007Q4,60,Private Industries,"Professional, scientific, and technical services",3935
12/31/2007,2007Q4,64,Private Industries,Management of companies and enterprises,1353
12/31/2007,2007Q4,65,Private Industries,Administrative and waste management services,2893
12/31/2007,2007Q4,69,Private Industries,Educational services,1146
12/31/2007,2007Q4,70,Private Industries,Health care and social assistance,8991
12/31/2007,2007Q4,75,Private Industries,"Arts, entertainment, and recreation",1091
12/31/2007,2007Q4,78,Private Industries,Accommodation and food services,2732
12/31/2007,2007Q4,81,Private Industries,"Other services, except government",2859
12/31/2007,2007Q4,82,Government,Government,15502
03/31/2008,2008Q1,3,Private Industries,"Agriculture, forestry, fishing, and hunting",9431
03/31/2008,2008Q1,6,Private Industries,Mining,327
03/31/2008,2008Q1,10,Private Industries,Utilities,2823
03/31/2008,2008Q1,11,Private Industries,Construction,5430
03/31/2008,2008Q1,12,Private Industries,Manufacturing,25998
03/31/2008,2008Q1,34,Private Industries,Wholesale trade,7821
03/31/2008,2008Q1,35,Private Industries,Retail trade,7613
03/31/2008,2008Q1,36,Private Industries,Transportation and warehousing,4709
03/31/2008,2008Q1,45,Private Industries,Information,4576
03/31/2008,2008Q1,51,Private Industries,Finance and insurance,15907
03/31/2008,2008Q1,56,Private Industries,Real estate and rental and leasing,13636
03/31/2008,2008Q1,60,Private Industries,"Professional, scientific, and technical services",3991
03/31/2008,2008Q1,64,Private Industries,Management of companies and enterprises,1285
03/31/2008,2008Q1,65,Private Industries,Administrative and waste management services,2877
03/31/2008,2008Q1,69,Private Industries,Educational services,1147
03/31/2008,2008Q1,70,Private Industries,Health care and social assistance,9206
03/31/2008,2008Q1,75,Private Industries,"Arts, entertainment, and recreation",1118
03/31/2008,2008Q1,78,Private Industries,Accommodation and food services,2695
03/31/2008,2008Q1,81,Private Industries,"Other services, except government",2828
03/31/2008,2008Q1,82,Government,Government,15760
06/30/2008,2008Q2,3,Private Industries,"Agriculture, forestry, fishing, and hunting",8789
06/30/2008,2008Q2,6,Private Industries,Mining,394
06/30/2008,2008Q2,10,Private Industries,Utilities,3096
06/30/2008,2008Q2,11,Private Industries,Construction,5504
06/30/2008,2008Q2,12,Private Industries,Manufacturing,26650
06/30/2008,2008Q2,34,Private Industries,Wholesale trade,7998
06/30/2008,2008Q2,35,Private Industries,Retail trade,7713
06/30/2008,2008Q2,36,Private Industries,Transportation and warehousing,4831
06/30/2008,2008Q2,45,Private Industries,Information,4711
06/30/2008,2008Q2,51,Private Industries,Finance and insurance,13676
06/30/2008,2008Q2,56,Private Industries,Real estate and rental and leasing,13838
06/30/2008,2008Q2,60,Private Industries,"Professional, scientific, and technical services",4137
06/30/2008,2008Q2,64,Private Industries,Management of companies and enterprises,1335
06/30/2008,2008Q2,65,Private Industries,Administrative and waste management services,2861
06/30/2008,2008Q2,69,Private Industries,Educational services,1167
06/30/2008,2008Q2,70,Private Industries,Health care and social assistance,9379
06/30/2008,2008Q2,75,Private Industries,"Arts, entertainment, and recreation",1070
06/30/2008,2008Q2,78,Private Industries,Accommodation and food services,2701
06/30/2008,2008Q2,81,Private Industries,"Other services, except government",2877
06/30/2008,2008Q2,82,Government,Government,15883
09/30/2008,2008Q3,3,Private Industries,"Agriculture, forestry, fishing, and hunting",7710
09/30/2008,2008Q3,6,Private Industries,Mining,415
09/30/2008,2008Q3,10,Private Industries,Utilities,3106
09/30/2008,2008Q3,11,Private Industries,Construction,5888
09/30/2008,2008Q3,12,Private Industries,Manufacturing,27600
09/30/2008,2008Q3,34,Private Industries,Wholesale trade,8148
09/30/2008,2008Q3,35,Private Industries,Retail trade,7902
09/30/2008,2008Q3,36,Private Industries,Transportation and warehousing,4937
09/30/2008,2008Q3,45,Private Industries,Information,4595
09/30/2008,2008Q3,51,Private Industries,Finance and insurance,11676
09/30/2008,2008Q3,56,Private Industries,Real estate and rental and leasing,13656
09/30/2008,2008Q3,60,Private Industries,"Professional, scientific, and technical services",4246
09/30/2008,2008Q3,64,Private Industries,Management of companies and enterprises,1352
09/30/2008,2008Q3,65,Private Industries,Administrative and waste management services,2933
09/30/2008,2008Q3,69,Private Industries,Educational services,1212
09/30/2008,2008Q3,70,Private Industries,Health care and social assistance,9562
09/30/2008,2008Q3,75,Private Industries,"Arts, entertainment, and recreation",1088
09/30/2008,2008Q3,78,Private Industries,Accommodation and food services,2723
09/30/2008,2008Q3,81,Private Industries,"Other services, except government",2912
09/30/2008,2008Q3,82,Government,Government,16185
12/31/2008,2008Q4,3,Private Industries,"Agriculture, forestry, fishing, and hunting",7211
12/31/2008,2008Q4,6,Private Industries,Mining,352
12/31/2008,2008Q4,10,Private Industries,Utilities,2980
12/31/2008,2008Q4,11,Private Industries,Construction,5818
12/31/2008,2008Q4,12,Private Industries,Manufacturing,26697
12/31/2008,2008Q4,34,Private Industries,Wholesale trade,8196
12/31/2008,2008Q4,35,Private Industries,Retail trade,7941
12/31/2008,2008Q4,36,Private Industries,Transportation and warehousing,5002
12/31/2008,2008Q4,45,Private Industries,Information,4656
12/31/2008,2008Q4,51,Private Industries,Finance and insurance,10013
12/31/2008,2008Q4,56,Private Industries,Real estate and rental and leasing,13641
12/31/2008,2008Q4,60,Private Industries,"Professional, scientific, and technical services",4245
12/31/2008,2008Q4,64,Private Industries,Management of companies and enterprises,1398
12/31/2008,2008Q4,65,Private Industries,Administrative and waste management services,2901
12/31/2008,2008Q4,69,Private Industries,Educational services,1194
12/31/2008,2008Q4,70,Private Industries,Health care and social assistance,9838
12/31/2008,2008Q4,75,Private Industries,"Arts, entertainment, and recreation",1092
12/31/2008,2008Q4,78,Private Industries,Accommodation and food services,2736
12/31/2008,2008Q4,81,Private Industries,"Other services, except government",2984
12/31/2008,2008Q4,82,Government,Government,16432
03/31/2009,2009Q1,3,Private Industries,"Agriculture, forestry, fishing, and hunting",5208
03/31/2009,2009Q1,6,Private Industries,Mining,299
03/31/2009,2009Q1,10,Private Industries,Utilities,3119
03/31/2009,2009Q1,11,Private Industries,Construction,5811
03/31/2009,2009Q1,12,Private Industries,Manufacturing,24303
03/31/2009,2009Q1,34,Private Industries,Wholesale trade,7914
03/31/2009,2009Q1,35,Private Industries,Retail trade,8051
03/31/2009,2009Q1,36,Private Industries,Transportation and warehousing,4834
03/31/2009,2009Q1,45,Private Industries,Information,4663
03/31/2009,2009Q1,51,Private Industries,Finance and insurance,12298
03/31/2009,2009Q1,56,Private Industries,Real estate and rental and leasing,14397
03/31/2009,2009Q1,60,Private Industries,"Professional, scientific, and technical services",4215
03/31/2009,2009Q1,64,Private Industries,Management of companies and enterprises,1362
03/31/2009,2009Q1,65,Private Industries,Administrative and waste management services,2864
03/31/2009,2009Q1,69,Private Industries,Educational services,1270
03/31/2009,2009Q1,70,Private Industries,Health care and social assistance,9799
03/31/2009,2009Q1,75,Private Industries,"Arts, entertainment, and recreation",1107
03/31/2009,2009Q1,78,Private Industries,Accommodation and food services,2698
03/31/2009,2009Q1,81,Private Industries,"Other services, except government",3011
03/31/2009,2009Q1,82,Government,Government,16854
06/30/2009,2009Q2,3,Private Industries,"Agriculture, forestry, fishing, and hunting",6020
06/30/2009,2009Q2,6,Private Industries,Mining,318
06/30/2009,2009Q2,10,Private Industries,Utilities,3001
06/30/2009,2009Q2,11,Private Industries,Construction,5592
06/30/2009,2009Q2,12,Private Industries,Manufacturing,24549
06/30/2009,2009Q2,34,Private Industries,Wholesale trade,7799
06/30/2009,2009Q2,35,Private Industries,Retail trade,8089
06/30/2009,2009Q2,36,Private Industries,Transportation and warehousing,4614
06/30/2009,2009Q2,45,Private Industries,Information,4573
06/30/2009,2009Q2,51,Private Industries,Finance and insurance,13384
06/30/2009,2009Q2,56,Private Industries,Real estate and rental and leasing,14091
06/30/2009,2009Q2,60,Private Industries,"Professional, scientific, and technical services",4065
06/30/2009,2009Q2,64,Private Industries,Management of companies and enterprises,1323
06/30/2009,2009Q2,65,Private Industries,Administrative and waste management services,2829
06/30/2009,2009Q2,69,Private Industries,Educational services,1269
06/30/2009,2009Q2,70,Private Industries,Health care and social assistance,9971
06/30/2009,2009Q2,75,Private Industries,"Arts, entertainment, and recreation",1071
06/30/2009,2009Q2,78,Private Industries,Accommodation and food services,2714
06/30/2009,2009Q2,81,Private Industries,"Other services, except government",3000
06/30/2009,2009Q2,82,Government,Government,17011
09/30/2009,2009Q3,3,Private Industries,"Agriculture, forestry, fishing, and hunting",6738
09/30/2009,2009Q3,6,Private Industries,Mining,339
09/30/2009,2009Q3,10,Private Industries,Utilities,2760
09/30/2009,2009Q3,11,Private Industries,Construction,5524
09/30/2009,2009Q3,12,Private Industries,Manufacturing,25783
09/30/2009,2009Q3,34,Private Industries,Wholesale trade,7867
09/30/2009,2009Q3,35,Private Industries,Retail trade,7977
09/30/2009,2009Q3,36,Private Industries,Transportation and warehousing,4610
09/30/2009,2009Q3,45,Private Industries,Information,4478
09/30/2009,2009Q3,51,Private Industries,Finance and insurance,13766
09/30/2009,2009Q3,56,Private Industries,Real estate and rental and leasing,14375
09/30/2009,2009Q3,60,Private Industries,"Professional, scientific, and technical services",4097
09/30/2009,2009Q3,64,Private Industries,Management of companies and enterprises,1378
09/30/2009,2009Q3,65,Private Industries,Administrative and waste management services,2802
09/30/2009,2009Q3,69,Private Industries,Educational services,1274
09/30/2009,2009Q3,70,Private Industries,Health care and social assistance,10050
09/30/2009,2009Q3,75,Private Industries,"Arts, entertainment, and recreation",1084
09/30/2009,2009Q3,78,Private Industries,Accommodation and food services,2709
09/30/2009,2009Q3,81,Private Industries,"Other services, except government",3003
09/30/2009,2009Q3,82,Government,Government,17090
12/31/2009,2009Q4,3,Private Industries,"Agriculture, forestry, fishing, and hunting",8358
12/31/2009,2009Q4,6,Private Industries,Mining,320
12/31/2009,2009Q4,10,Private Industries,Utilities,3053
12/31/2009,2009Q4,11,Private Industries,Construction,5326
12/31/2009,2009Q4,12,Private Industries,Manufacturing,26896
12/31/2009,2009Q4,34,Private Industries,Wholesale trade,8025
12/31/2009,2009Q4,35,Private Industries,Retail trade,8163
12/31/2009,2009Q4,36,Private Industries,Transportation and warehousing,4714
12/31/2009,2009Q4,45,Private Industries,Information,4581
12/31/2009,2009Q4,51,Private Industries,Finance and insurance,13823
12/31/2009,2009Q4,56,Private Industries,Real estate and rental and leasing,14440
12/31/2009,2009Q4,60,Private Industries,"Professional, scientific, and technical services",4072
12/31/2009,2009Q4,64,Private Industries,Management of companies and enterprises,1325
12/31/2009,2009Q4,65,Private Industries,Administrative and waste management services,2824
12/31/2009,2009Q4,69,Private Industries,Educational services,1276
12/31/2009,2009Q4,70,Private Industries,Health care and social assistance,10050
12/31/2009,2009Q4,75,Private Industries,"Arts, entertainment, and recreation",1025
12/31/2009,2009Q4,78,Private Industries,Accommodation and food services,2645
12/31/2009,2009Q4,81,Private Industries,"Other services, except government",2984
12/31/2009,2009Q4,82,Government,Government,17315
03/31/2010,2010Q1,3,Private Industries,"Agriculture, forestry, fishing, and hunting",6440
03/31/2010,2010Q1,6,Private Industries,Mining,321
03/31/2010,2010Q1,10,Private Industries,Utilities,2690
03/31/2010,2010Q1,11,Private Industries,Construction,5269
03/31/2010,2010Q1,12,Private Industries,Manufacturing,26169
03/31/2010,2010Q1,34,Private Industries,Wholesale trade,8134
03/31/2010,2010Q1,35,Private Industries,Retail trade,8162
03/31/2010,2010Q1,36,Private Industries,Transportation and warehousing,4756
03/31/2010,2010Q1,45,Private Industries,Information,4519
03/31/2010,2010Q1,51,Private Industries,Finance and insurance,13794
03/31/2010,2010Q1,56,Private Industries,Real estate and rental and leasing,14062
03/31/2010,2010Q1,60,Private Industries,"Professional, scientific, and technical services",4129
03/31/2010,2010Q1,64,Private Industries,Management of companies and enterprises,1390
03/31/2010,2010Q1,65,Private Industries,Administrative and waste management services,2954
03/31/2010,2010Q1,69,Private Industries,Educational services,1294
03/31/2010,2010Q1,70,Private Industries,Health care and social assistance,9875
03/31/2010,2010Q1,75,Private Industries,"Arts, entertainment, and recreation",1140
03/31/2010,2010Q1,78,Private Industries,Accommodation and food services,2725
03/31/2010,2010Q1,81,Private Industries,"Other services, except government",2981
03/31/2010,2010Q1,82,Government,Government,17408
06/30/2010,2010Q2,3,Private Industries,"Agriculture, forestry, fishing, and hunting",7128
06/30/2010,2010Q2,6,Private Industries,Mining,335
06/30/2010,2010Q2,10,Private Industries,Utilities,2809
06/30/2010,2010Q2,11,Private Industries,Construction,5405
06/30/2010,2010Q2,12,Private Industries,Manufacturing,27136
06/30/2010,2010Q2,34,Private Industries,Wholesale trade,8259
06/30/2010,2010Q2,35,Private Industries,Retail trade,8277
06/30/2010,2010Q2,36,Private Industries,Transportation and warehousing,4876
06/30/2010,2010Q2,45,Private Industries,Information,4486
06/30/2010,2010Q2,51,Private Industries,Finance and insurance,13377
06/30/2010,2010Q2,56,Private Industries,Real estate and rental and leasing,14902
06/30/2010,2010Q2,60,Private Industries,"Professional, scientific, and technical services",4133
06/30/2010,2010Q2,64,Private Industries,Management of companies and enterprises,1378
06/30/2010,2010Q2,65,Private Industries,Administrative and waste management services,3059
06/30/2010,2010Q2,69,Private Industries,Educational services,1302
06/30/2010,2010Q2,70,Private Industries,Health care and social assistance,10006
06/30/2010,2010Q2,75,Private Industries,"Arts, entertainment, and recreation",1094
06/30/2010,2010Q2,78,Private Industries,Accommodation and food services,2725
06/30/2010,2010Q2,81,Private Industries,"Other services, except government",3001
06/30/2010,2010Q2,82,Government,Government,17549
09/30/2010,2010Q3,3,Private Industries,"Agriculture, forestry, fishing, and hunting",7824
09/30/2010,2010Q3,6,Private Industries,Mining,322
09/30/2010,2010Q3,10,Private Industries,Utilities,2956
09/30/2010,2010Q3,11,Private Industries,Construction,5221
09/30/2010,2010Q3,12,Private Industries,Manufacturing,27084
09/30/2010,2010Q3,34,Private Industries,Wholesale trade,8432
09/30/2010,2010Q3,35,Private Industries,Retail trade,8269
09/30/2010,2010Q3,36,Private Industries,Transportation and warehousing,4983
09/30/2010,2010Q3,45,Private Industries,Information,4385
09/30/2010,2010Q3,51,Private Industries,Finance and insurance,13435
09/30/2010,2010Q3,56,Private Industries,Real estate and rental and leasing,15175
09/30/2010,2010Q3,60,Private Industries,"Professional, scientific, and technical services",4232
09/30/2010,2010Q3,64,Private Industries,Management of companies and enterprises,1374
09/30/2010,2010Q3,65,Private Industries,Administrative and waste management services,3087
09/30/2010,2010Q3,69,Private Industries,Educational services,1324
09/30/2010,2010Q3,70,Private Industries,Health care and social assistance,9927
09/30/2010,2010Q3,75,Private Industries,"Arts, entertainment, and recreation",1108
09/30/2010,2010Q3,78,Private Industries,Accommodation and food services,2759
09/30/2010,2010Q3,81,Private Industries,"Other services, except government",3001
09/30/2010,2010Q3,82,Government,Government,17853
12/31/2010,2010Q4,3,Private Industries,"Agriculture, forestry, fishing, and hunting",7807
12/31/2010,2010Q4,6,Private Industries,Mining,320
12/31/2010,2010Q4,10,Private Industries,Utilities,3041
12/31/2010,2010Q4,11,Private Industries,Construction,5429
12/31/2010,2010Q4,12,Private Industries,Manufacturing,26470
12/31/2010,2010Q4,34,Private Industries,Wholesale trade,8329
12/31/2010,2010Q4,35,Private Industries,Retail trade,8284
12/31/2010,2010Q4,36,Private Industries,Transportation and warehousing,5073
12/31/2010,2010Q4,45,Private Industries,Information,4453
12/31/2010,2010Q4,51,Private Industries,Finance and insurance,14745
12/31/2010,2010Q4,56,Private Industries,Real estate and rental and leasing,15884
12/31/2010,2010Q4,60,Private Industries,"Professional, scientific, and technical services",4239
12/31/2010,2010Q4,64,Private Industries,Management of companies and enterprises,1346
12/31/2010,2010Q4,65,Private Industries,Administrative and waste management services,3160
12/31/2010,2010Q4,69,Private Industries,Educational services,1318
12/31/2010,2010Q4,70,Private Industries,Health care and social assistance,10089
12/31/2010,2010Q4,75,Private Industries,"Arts, entertainment, and recreation",1097
12/31/2010,2010Q4,78,Private Industries,Accommodation and food services,2741
12/31/2010,2010Q4,81,Private Industries,"Other services, except government",3033
12/31/2010,2010Q4,82,Government,Government,17726
03/31/2011,2011Q1,3,Private Industries,"Agriculture, forestry, fishing, and hunting",12870
03/31/2011,2011Q1,6,Private Industries,Mining,282
03/31/2011,2011Q1,10,Private Industries,Utilities,2320
03/31/2011,2011Q1,11,Private Industries,Construction,5231
03/31/2011,2011Q1,12,Private Industries,Manufacturing,25127
03/31/2011,2011Q1,34,Private Industries,Wholesale trade,8416
03/31/2011,2011Q1,35,Private Industries,Retail trade,8326
03/31/2011,2011Q1,36,Private Industries,Transportation and warehousing,4925
03/31/2011,2011Q1,45,Private Industries,Information,4187
03/31/2011,2011Q1,51,Private Industries,Finance and insurance,13793
03/31/2011,2011Q1,56,Private Industries,Real estate and rental and leasing,15454
03/31/2011,2011Q1,60,Private Industries,"Professional, scientific, and technical services",4327
03/31/2011,2011Q1,64,Private Industries,Management of companies and enterprises,1480
03/31/2011,2011Q1,65,Private Industries,Administrative and waste management services,3056
03/31/2011,2011Q1,69,Private Industries,Educational services,1328
03/31/2011,2011Q1,70,Private Industries,Health care and social assistance,9969
03/31/2011,2011Q1,75,Private Industries,"Arts, entertainment, and recreation",1142
03/31/2011,2011Q1,78,Private Industries,Accommodation and food services,2839
03/31/2011,2011Q1,81,Private Industries,"Other services, except government",3000
03/31/2011,2011Q1,82,Government,Government,17582
06/30/2011,2011Q2,3,Private Industries,"Agriculture, forestry, fishing, and hunting",11391
06/30/2011,2011Q2,6,Private Industries,Mining,326
06/30/2011,2011Q2,10,Private Industries,Utilities,2606
06/30/2011,2011Q2,11,Private Industries,Construction,5540
06/30/2011,2011Q2,12,Private Industries,Manufacturing,25511
06/30/2011,2011Q2,34,Private Industries,Wholesale trade,8512
06/30/2011,2011Q2,35,Private Industries,Retail trade,8327
06/30/2011,2011Q2,36,Private Industries,Transportation and warehousing,5026
06/30/2011,2011Q2,45,Private Industries,Information,4353
06/30/2011,2011Q2,51,Private Industries,Finance and insurance,14676
06/30/2011,2011Q2,56,Private Industries,Real estate and rental and leasing,15233
06/30/2011,2011Q2,60,Private Industries,"Professional, scientific, and technical services",4340
06/30/2011,2011Q2,64,Private Industries,Management of companies and enterprises,1510
06/30/2011,2011Q2,65,Private Industries,Administrative and waste management services,3082
06/30/2011,2011Q2,69,Private Industries,Educational services,1312
06/30/2011,2011Q2,70,Private Industries,Health care and social assistance,10188
06/30/2011,2011Q2,75,Private Industries,"Arts, entertainment, and recreation",1164
06/30/2011,2011Q2,78,Private Industries,Accommodation and food services,2878
06/30/2011,2011Q2,81,Private Industries,"Other services, except government",3027
06/30/2011,2011Q2,82,Government,Government,17529
09/30/2011,2011Q3,3,Private Industries,"Agriculture, forestry, fishing, and hunting",11678
09/30/2011,2011Q3,6,Private Industries,Mining,325
09/30/2011,2011Q3,10,Private Industries,Utilities,2695
09/30/2011,2011Q3,11,Private Industries,Construction,5827
09/30/2011,2011Q3,12,Private Industries,Manufacturing,25937
09/30/2011,2011Q3,34,Private Industries,Wholesale trade,8588
09/30/2011,2011Q3,35,Private Industries,Retail trade,8473
09/30/2011,2011Q3,36,Private Industries,Transportation and warehousing,5078
09/30/2011,2011Q3,45,Private Industries,Information,4285
09/30/2011,2011Q3,51,Private Industries,Finance and insurance,15309
09/30/2011,2011Q3,56,Private Industries,Real estate and rental and leasing,16093
09/30/2011,2011Q3,60,Private Industries,"Professional, scientific, and technical services",4391
09/30/2011,2011Q3,64,Private Industries,Management of companies and enterprises,1519
09/30/2011,2011Q3,65,Private Industries,Administrative and waste management services,3143
09/30/2011,2011Q3,69,Private Industries,Educational services,1339
09/30/2011,2011Q3,70,Private Industries,Health care and social assistance,10204
09/30/2011,2011Q3,75,Private Industries,"Arts, entertainment, and recreation",1076
09/30/2011,2011Q3,78,Private Industries,Accommodation and food services,2888
09/30/2011,2011Q3,81,Private Industries,"Other services, except government",3058
09/30/2011,2011Q3,82,Government,Government,17885
12/31/2011,2011Q4,3,Private Industries,"Agriculture, forestry, fishing, and hunting",11980
12/31/2011,2011Q4,6,Private Industries,Mining,372
12/31/2011,2011Q4,10,Private Industries,Utilities,2675
12/31/2011,2011Q4,11,Private Industries,Construction,5987
12/31/2011,2011Q4,12,Private Industries,Manufacturing,27252
12/31/2011,2011Q4,34,Private Industries,Wholesale trade,9015
12/31/2011,2011Q4,35,Private Industries,Retail trade,8651
12/31/2011,2011Q4,36,Private Industries,Transportation and warehousing,5193
12/31/2011,2011Q4,45,Private Industries,Information,4490
12/31/2011,2011Q4,51,Private Industries,Finance and insurance,15735
12/31/2011,2011Q4,56,Private Industries,Real estate and rental and leasing,16034
12/31/2011,2011Q4,60,Private Industries,"Professional, scientific, and technical services",4481
12/31/2011,2011Q4,64,Private Industries,Management of companies and enterprises,1574
12/31/2011,2011Q4,65,Private Industries,Administrative and waste management services,3156
12/31/2011,2011Q4,69,Private Industries,Educational services,1338
12/31/2011,2011Q4,70,Private Industries,Health care and social assistance,10422
12/31/2011,2011Q4,75,Private Industries,"Arts, entertainment, and recreation",1124
12/31/2011,2011Q4,78,Private Industries,Accommodation and food services,2976
12/31/2011,2011Q4,81,Private Industries,"Other services, except government",3067
12/31/2011,2011Q4,82,Government,Government,17877
03/31/2012,2012Q1,3,Private Industries,"Agriculture, forestry, fishing, and hunting",10332
03/31/2012,2012Q1,6,Private Industries,Mining,411
03/31/2012,2012Q1,10,Private Industries,Utilities,2550
03/31/2012,2012Q1,11,Private Industries,Construction,6024
03/31/2012,2012Q1,12,Private Industries,Manufacturing,28726
03/31/2012,2012Q1,34,Private Industries,Wholesale trade,9279
03/31/2012,2012Q1,35,Private Industries,Retail trade,8746
03/31/2012,2012Q1,36,Private Industries,Transportation and warehousing,5212
03/31/2012,2012Q1,45,Private Industries,Information,4120
03/31/2012,2012Q1,51,Private Industries,Finance and insurance,17098
03/31/2012,2012Q1,56,Private Industries,Real estate and rental and leasing,16297
03/31/2012,2012Q1,60,Private Industries,"Professional, scientific, and technical services",4593
03/31/2012,2012Q1,64,Private Industries,Management of companies and enterprises,1650
03/31/2012,2012Q1,65,Private Industries,Administrative and waste management services,3287
03/31/2012,2012Q1,69,Private Industries,Educational services,1348
03/31/2012,2012Q1,70,Private Industries,Health care and social assistance,10529
03/31/2012,2012Q1,75,Private Industries,"Arts, entertainment, and recreation",1176
03/31/2012,2012Q1,78,Private Industries,Accommodation and food services,3055
03/31/2012,2012Q1,81,Private Industries,"Other services, except government",3181
03/31/2012,2012Q1,82,Government,Government,17884
06/30/2012,2012Q2,3,Private Industries,"Agriculture, forestry, fishing, and hunting",11366
06/30/2012,2012Q2,6,Private Industries,Mining,422
06/30/2012,2012Q2,10,Private Industries,Utilities,2519
06/30/2012,2012Q2,11,Private Industries,Construction,6263
06/30/2012,2012Q2,12,Private Industries,Manufacturing,30108
06/30/2012,2012Q2,34,Private Industries,Wholesale trade,9320
06/30/2012,2012Q2,35,Private Industries,Retail trade,8878
06/30/2012,2012Q2,36,Private Industries,Transportation and warehousing,5321
06/30/2012,2012Q2,45,Private Industries,Information,4119
06/30/2012,2012Q2,51,Private Industries,Finance and insurance,17030
06/30/2012,2012Q2,56,Private Industries,Real estate and rental and leasing,16583
06/30/2012,2012Q2,60,Private Industries,"Professional, scientific, and technical services",4687
06/30/2012,2012Q2,64,Private Industries,Management of companies and enterprises,1708
06/30/2012,2012Q2,65,Private Industries,Administrative and waste management services,3306
06/30/2012,2012Q2,69,Private Industries,Educational services,1375
06/30/2012,2012Q2,70,Private Industries,Health care and social assistance,10693
06/30/2012,2012Q2,75,Private Industries,"Arts, entertainment, and recreation",1129
06/30/2012,2012Q2,78,Private Industries,Accommodation and food services,3161
06/30/2012,2012Q2,81,Private Industries,"Other services, except government",3201
06/30/2012,2012Q2,82,Government,Government,18259
09/30/2012,2012Q3,3,Private Industries,"Agriculture, forestry, fishing, and hunting",10355
09/30/2012,2012Q3,6,Private Industries,Mining,409
09/30/2012,2012Q3,10,Private Industries,Utilities,2656
09/30/2012,2012Q3,11,Private Industries,Construction,6170
09/30/2012,2012Q3,12,Private Industries,Manufacturing,30332
09/30/2012,2012Q3,34,Private Industries,Wholesale trade,9402
09/30/2012,2012Q3,35,Private Industries,Retail trade,8912
09/30/2012,2012Q3,36,Private Industries,Transportation and warehousing,5298
09/30/2012,2012Q3,45,Private Industries,Information,4140
09/30/2012,2012Q3,51,Private Industries,Finance and insurance,17950
09/30/2012,2012Q3,56,Private Industries,Real estate and rental and leasing,16152
09/30/2012,2012Q3,60,Private Industries,"Professional, scientific, and technical services",4727
09/30/2012,2012Q3,64,Private Industries,Management of companies and enterprises,1733
09/30/2012,2012Q3,65,Private Industries,Administrative and waste management services,3325
09/30/2012,2012Q3,69,Private Industries,Educational services,1365
09/30/2012,2012Q3,70,Private Industries,Health care and social assistance,10767
09/30/2012,2012Q3,75,Private Industries,"Arts, entertainment, and recreation",1113
09/30/2012,2012Q3,78,Private Industries,Accommodation and food services,3198
09/30/2012,2012Q3,81,Private Industries,"Other services, except government",3256
09/30/2012,2012Q3,82,Government,Government,18332
12/31/2012,2012Q4,3,Private Industries,"Agriculture, forestry, fishing, and hunting",11383
12/31/2012,2012Q4,6,Private Industries,Mining,394
12/31/2012,2012Q4,10,Private Industries,Utilities,2829
12/31/2012,2012Q4,11,Private Industries,Construction,6247
12/31/2012,2012Q4,12,Private Industries,Manufacturing,29408
12/31/2012,2012Q4,34,Private Industries,Wholesale trade,9338
12/31/2012,2012Q4,35,Private Industries,Retail trade,8929
12/31/2012,2012Q4,36,Private Industries,Transportation and warehousing,5327
12/31/2012,2012Q4,45,Private Industries,Information,3925
12/31/2012,2012Q4,51,Private Industries,Finance and insurance,16715
12/31/2012,2012Q4,56,Private Industries,Real estate and rental and leasing,15718
12/31/2012,2012Q4,60,Private Industries,"Professional, scientific, and technical services",4753
12/31/2012,2012Q4,64,Private Industries,Management of companies and enterprises,1947
12/31/2012,2012Q4,65,Private Industries,Administrative and waste management services,3294
12/31/2012,2012Q4,69,Private Industries,Educational services,1368
12/31/2012,2012Q4,70,Private Industries,Health care and social assistance,10827
12/31/2012,2012Q4,75,Private Industries,"Arts, entertainment, and recreation",1115
12/31/2012,2012Q4,78,Private Industries,Accommodation and food services,3242
12/31/2012,2012Q4,81,Private Industries,"Other services, except government",3265
12/31/2012,2012Q4,82,Government,Government,18422
03/31/2013,2013Q1,3,Private Industries,"Agriculture, forestry, fishing, and hunting",14366
03/31/2013,2013Q1,6,Private Industries,Mining,379
03/31/2013,2013Q1,10,Private Industries,Utilities,2682
03/31/2013,2013Q1,11,Private Industries,Construction,6254
03/31/2013,2013Q1,12,Private Industries,Manufacturing,30084
03/31/2013,2013Q1,34,Private Industries,Wholesale trade,9708
03/31/2013,2013Q1,35,Private Industries,Retail trade,8891
03/31/2013,2013Q1,36,Private Industries,Transportation and warehousing,5374
03/31/2013,2013Q1,45,Private Industries,Information,4153
03/31/2013,2013Q1,51,Private Industries,Finance and insurance,15803
03/31/2013,2013Q1,56,Private Industries,Real estate and rental and leasing,16976
03/31/2013,2013Q1,60,Private Industries,"Professional, scientific, and technical services",4737
03/31/2013,2013Q1,64,Private Industries,Management of companies and enterprises,1695
03/31/2013,2013Q1,65,Private Industries,Administrative and waste management services,3372
03/31/2013,2013Q1,69,Private Industries,Educational services,1343
03/31/2013,2013Q1,70,Private Industries,Health care and social assistance,10873
03/31/2013,2013Q1,75,Private Industries,"Arts, entertainment, and recreation",1035
03/31/2013,2013Q1,78,Private Industries,Accommodation and food services,3422
03/31/2013,2013Q1,81,Private Industries,"Other services, except government",3248
03/31/2013,2013Q1,82,Government,Government,18528
06/30/2013,2013Q2,3,Private Industries,"Agriculture, forestry, fishing, and hunting",13711
06/30/2013,2013Q2,6,Private Industries,Mining,351
06/30/2013,2013Q2,10,Private Industries,Utilities,2711
06/30/2013,2013Q2,11,Private Industries,Construction,6262
06/30/2013,2013Q2,12,Private Industries,Manufacturing,29129
06/30/2013,2013Q2,34,Private Industries,Wholesale trade,9620
06/30/2013,2013Q2,35,Private Industries,Retail trade,8806
06/30/2013,2013Q2,36,Private Industries,Transportation and warehousing,5342
06/30/2013,2013Q2,45,Private Industries,Information,4106
06/30/2013,2013Q2,51,Private Industries,Finance and insurance,15554
06/30/2013,2013Q2,56,Private Industries,Real estate and rental and leasing,16218
06/30/2013,2013Q2,60,Private Industries,"Professional, scientific, and technical services",4812
06/30/2013,2013Q2,64,Private Industries,Management of companies and enterprises,1766
06/30/2013,2013Q2,65,Private Industries,Administrative and waste management services,3355
06/30/2013,2013Q2,69,Private Industries,Educational services,1364
06/30/2013,2013Q2,70,Private Industries,Health care and social assistance,10803
06/30/2013,2013Q2,75,Private Industries,"Arts, entertainment, and recreation",1077
06/30/2013,2013Q2,78,Private Industries,Accommodation and food services,3415
06/30/2013,2013Q2,81,Private Industries,"Other services, except government",3242
06/30/2013,2013Q2,82,Government,Government,18632
09/30/2013,2013Q3,3,Private Industries,"Agriculture, forestry, fishing, and hunting",13373
09/30/2013,2013Q3,6,Private Industries,Mining,359
09/30/2013,2013Q3,10,Private Industries,Utilities,2664
09/30/2013,2013Q3,11,Private Industries,Construction,6617
09/30/2013,2013Q3,12,Private Industries,Manufacturing,29150
09/30/2013,2013Q3,34,Private Industries,Wholesale trade,9826
09/30/2013,2013Q3,35,Private Industries,Retail trade,8941
09/30/2013,2013Q3,36,Private Industries,Transportation and warehousing,5380
09/30/2013,2013Q3,45,Private Industries,Information,4160
09/30/2013,2013Q3,51,Private Industries,Finance and insurance,16055
09/30/2013,2013Q3,56,Private Industries,Real estate and rental and leasing,16629
09/30/2013,2013Q3,60,Private Industries,"Professional, scientific, and technical services",4870
09/30/2013,2013Q3,64,Private Industries,Management of companies and enterprises,1833
09/30/2013,2013Q3,65,Private Industries,Administrative and waste management services,3426
09/30/2013,2013Q3,69,Private Industries,Educational services,1359
09/30/2013,2013Q3,70,Private Industries,Health care and social assistance,10997
09/30/2013,2013Q3,75,Private Industries,"Arts, entertainment, and recreation",1077
09/30/2013,2013Q3,78,Private Industries,Accommodation and food services,3443
09/30/2013,2013Q3,81,Private Industries,"Other services, except government",3292
09/30/2013,2013Q3,82,Government,Government,18715
12/31/2013,2013Q4,3,Private Industries,"Agriculture, forestry, fishing, and hunting",11923
12/31/2013,2013Q4,6,Private Industries,Mining,349
12/31/2013,2013Q4,10,Private Industries,Utilities,2595
12/31/2013,2013Q4,11,Private Industries,Construction,6709
12/31/2013,2013Q4,12,Private Industries,Manufacturing,30244
12/31/2013,2013Q4,34,Private Industries,Wholesale trade,9919
12/31/2013,2013Q4,35,Private Industries,Retail trade,8954
12/31/2013,2013Q4,36,Private Industries,Transportation and warehousing,5482
12/31/2013,2013Q4,45,Private Industries,Information,4112
12/31/2013,2013Q4,51,Private Industries,Finance and insurance,17308
12/31/2013,2013Q4,56,Private Industries,Real estate and rental and leasing,16925
12/31/2013,2013Q4,60,Private Industries,"Professional, scientific, and technical services",4983
12/31/2013,2013Q4,64,Private Industries,Management of companies and enterprises,1897
12/31/2013,2013Q4,65,Private Industries,Administrative and waste management services,3464
12/31/2013,2013Q4,69,Private Industries,Educational services,1369
12/31/2013,2013Q4,70,Private Industries,Health care and social assistance,10861
12/31/2013,2013Q4,75,Private Industries,"Arts, entertainment, and recreation",1082
12/31/2013,2013Q4,78,Private Industries,Accommodation and food services,3482
12/31/2013,2013Q4,81,Private Industries,"Other services, except government",3308
12/31/2013,2013Q4,82,Government,Government,18892
03/31/2014,2014Q1,3,Private Industries,"Agriculture, forestry, fishing, and hunting",10677
03/31/2014,2014Q1,6,Private Industries,Mining,352
03/31/2014,2014Q1,10,Private Industries,Utilities,2894
03/31/2014,2014Q1,11,Private Industries,Construction,6814
03/31/2014,2014Q1,12,Private Industries,Manufacturing,31433
03/31/2014,2014Q1,34,Private Industries,Wholesale trade,9790
03/31/2014,2014Q1,35,Private Industries,Retail trade,8797
03/31/2014,2014Q1,36,Private Industries,Transportation and warehousing,5452
03/31/2014,2014Q1,45,Private Industries,Information,4112
03/31/2014,2014Q1,51,Private Industries,Finance and insurance,18173
03/31/2014,2014Q1,56,Private Industries,Real estate and rental and leasing,16832
03/31/2014,2014Q1,60,Private Industries,"Professional, scientific, and technical services",4945
03/31/2014,2014Q1,64,Private Industries,Management of companies and enterprises,1876
03/31/2014,2014Q1,65,Private Industries,Administrative and waste management services,3486
03/31/2014,2014Q1,69,Private Industries,Educational services,1397
03/31/2014,2014Q1,70,Private Industries,Health care and social assistance,11180
03/31/2014,2014Q1,75,Private Industries,"Arts, entertainment, and recreation",1130
03/31/2014,2014Q1,78,Private Industries,Accommodation and food services,3518
03/31/2014,2014Q1,81,Private Industries,"Other services, except government",3342
03/31/2014,2014Q1,82,Government,Government,19222
06/30/2014,2014Q2,3,Private Industries,"Agriculture, forestry, fishing, and hunting",12746
06/30/2014,2014Q2,6,Private Industries,Mining,383
06/30/2014,2014Q2,10,Private Industries,Utilities,2696
06/30/2014,2014Q2,11,Private Industries,Construction,7145
06/30/2014,2014Q2,12,Private Industries,Manufacturing,32750
06/30/2014,2014Q2,34,Private Industries,Wholesale trade,10042
06/30/2014,2014Q2,35,Private Industries,Retail trade,8914
06/30/2014,2014Q2,36,Private Industries,Transportation and warehousing,5633
06/30/2014,2014Q2,45,Private Industries,Information,3966
06/30/2014,2014Q2,51,Private Industries,Finance and insurance,19689
06/30/2014,2014Q2,56,Private Industries,Real estate and rental and leasing,17025
06/30/2014,2014Q2,60,Private Industries,"Professional, scientific, and technical services",5014
06/30/2014,2014Q2,64,Private Industries,Management of companies and enterprises,2004
06/30/2014,2014Q2,65,Private Industries,Administrative and waste management services,3528
06/30/2014,2014Q2,69,Private Industries,Educational services,1374
06/30/2014,2014Q2,70,Private Industries,Health care and social assistance,11260
06/30/2014,2014Q2,75,Private Industries,"Arts, entertainment, and recreation",1098
06/30/2014,2014Q2,78,Private Industries,Accommodation and food services,3587
06/30/2014,2014Q2,81,Private Industries,"Other services, except government",3413
06/30/2014,2014Q2,82,Government,Government,19416
09/30/2014,2014Q3,3,Private Industries,"Agriculture, forestry, fishing, and hunting",11631
09/30/2014,2014Q3,6,Private Industries,Mining,403
09/30/2014,2014Q3,10,Private Industries,Utilities,2793
09/30/2014,2014Q3,11,Private Industries,Construction,7332
09/30/2014,2014Q3,12,Private Industries,Manufacturing,33716
09/30/2014,2014Q3,34,Private Industries,Wholesale trade,10227
09/30/2014,2014Q3,35,Private Industries,Retail trade,9077
09/30/2014,2014Q3,36,Private Industries,Transportation and warehousing,5830
09/30/2014,2014Q3,45,Private Industries,Information,3909
09/30/2014,2014Q3,51,Private Industries,Finance and insurance,20416
09/30/2014,2014Q3,56,Private Industries,Real estate and rental and leasing,16955
09/30/2014,2014Q3,60,Private Industries,"Professional, scientific, and technical services",5137
09/30/2014,2014Q3,64,Private Industries,Management of companies and enterprises,2084
09/30/2014,2014Q3,65,Private Industries,Administrative and waste management services,3556
09/30/2014,2014Q3,69,Private Industries,Educational services,1357
09/30/2014,2014Q3,70,Private Industries,Health care and social assistance,11470
09/30/2014,2014Q3,75,Private Industries,"Arts, entertainment, and recreation",1101
09/30/2014,2014Q3,78,Private Industries,Accommodation and food services,3649
09/30/2014,2014Q3,81,Private Industries,"Other services, except government",3515
09/30/2014,2014Q3,82,Government,Government,19598
12/31/2014,2014Q4,3,Private Industries,"Agriculture, forestry, fishing, and hunting",11713
12/31/2014,2014Q4,6,Private Industries,Mining,403
12/31/2014,2014Q4,10,Private Industries,Utilities,2633
12/31/2014,2014Q4,11,Private Industries,Construction,7637
12/31/2014,2014Q4,12,Private Industries,Manufacturing,33859
12/31/2014,2014Q4,34,Private Industries,Wholesale trade,10322
12/31/2014,2014Q4,35,Private Industries,Retail trade,9231
12/31/2014,2014Q4,36,Private Industries,Transportation and warehousing,5814
12/31/2014,2014Q4,45,Private Industries,Information,3862
12/31/2014,2014Q4,51,Private Industries,Finance and insurance,20811
12/31/2014,2014Q4,56,Private Industries,Real estate and rental and leasing,16854
12/31/2014,2014Q4,60,Private Industries,"Professional, scientific, and technical services",5184
12/31/2014,2014Q4,64,Private Industries,Management of companies and enterprises,2067
12/31/2014,2014Q4,65,Private Industries,Administrative and waste management services,3539
12/31/2014,2014Q4,69,Private Industries,Educational services,1366
12/31/2014,2014Q4,70,Private Industries,Health care and social assistance,11325
12/31/2014,2014Q4,75,Private Industries,"Arts, entertainment, and recreation",1081
12/31/2014,2014Q4,78,Private Industries,Accommodation and food services,3740
12/31/2014,2014Q4,81,Private Industries,"Other services, except government",3510
12/31/2014,2014Q4,82,Government,Government,19815
03/31/2015,2015Q1,3,Private Industries,"Agriculture, forestry, fishing, and hunting",9197
03/31/2015,2015Q1,6,Private Industries,Mining,346
03/31/2015,2015Q1,10,Private Industries,Utilities,2837
03/31/2015,2015Q1,11,Private Industries,Construction,7991
03/31/2015,2015Q1,12,Private Industries,Manufacturing,34431
03/31/2015,2015Q1,34,Private Industries,Wholesale trade,9867
03/31/2015,2015Q1,35,Private Industries,Retail trade,9199
03/31/2015,2015Q1,36,Private Industries,Transportation and warehousing,5909
03/31/2015,2015Q1,45,Private Industries,Information,4140
03/31/2015,2015Q1,51,Private Industries,Finance and insurance,24009
03/31/2015,2015Q1,56,Private Industries,Real estate and rental and leasing,16570
03/31/2015,2015Q1,60,Private Industries,"Professional, scientific, and technical services",5235
03/31/2015,2015Q1,64,Private Industries,Management of companies and enterprises,2177
03/31/2015,2015Q1,65,Private Industries,Administrative and waste management services,3486
03/31/2015,2015Q1,69,Private Industries,Educational services,1362
03/31/2015,2015Q1,70,Private Industries,Health care and social assistance,11589
03/31/2015,2015Q1,75,Private Industries,"Arts, entertainment, and recreation",1067
03/31/2015,2015Q1,78,Private Industries,Accommodation and food services,3752
03/31/2015,2015Q1,81,Private Industries,"Other services, except government",3550
03/31/2015,2015Q1,82,Government,Government,20023
06/30/2015,2015Q2,3,Private Industries,"Agriculture, forestry, fishing, and hunting",9738
06/30/2015,2015Q2,6,Private Industries,Mining,421
06/30/2015,2015Q2,10,Private Industries,Utilities,2756
06/30/2015,2015Q2,11,Private Industries,Construction,7811
06/30/2015,2015Q2,12,Private Industries,Manufacturing,34702
06/30/2015,2015Q2,34,Private Industries,Wholesale trade,10026
06/30/2015,2015Q2,35,Private Industries,Retail trade,9378
06/30/2015,2015Q2,36,Private Industries,Transportation and warehousing,5827
06/30/2015,2015Q2,45,Private Industries,Information,4095
06/30/2015,2015Q2,51,Private Industries,Finance and insurance,25044
06/30/2015,2015Q2,56,Private Industries,Real estate and rental and leasing,17652
06/30/2015,2015Q2,60,Private Industries,"Professional, scientific, and technical services",5272
06/30/2015,2015Q2,64,Private Industries,Management of companies and enterprises,2149
06/30/2015,2015Q2,65,Private Industries,Administrative and waste management services,3528
06/30/2015,2015Q2,69,Private Industries,Educational services,1349
06/30/2015,2015Q2,70,Private Industries,Health care and social assistance,11530
06/30/2015,2015Q2,75,Private Industries,"Arts, entertainment, and recreation",1064
06/30/2015,2015Q2,78,Private Industries,Accommodation and food services,3816
06/30/2015,2015Q2,81,Private Industries,"Other services, except government",3572
06/30/2015,2015Q2,82,Government,Government,20206
09/30/2015,2015Q3,3,Private Industries,"Agriculture, forestry, fishing, and hunting",10751
09/30/2015,2015Q3,6,Private Industries,Mining,389
09/30/2015,2015Q3,10,Private Industries,Utilities,2853
09/30/2015,2015Q3,11,Private Industries,Construction,7725
09/30/2015,2015Q3,12,Private Industries,Manufacturing,34980
09/30/2015,2015Q3,34,Private Industries,Wholesale trade,10044
09/30/2015,2015Q3,35,Private Industries,Retail trade,9486
09/30/2015,2015Q3,36,Private Industries,Transportation and warehousing,5859
09/30/2015,2015Q3,45,Private Industries,Information,4156
09/30/2015,2015Q3,51,Private Industries,Finance and insurance,25579
09/30/2015,2015Q3,56,Private Industries,Real estate and rental and leasing,17569
09/30/2015,2015Q3,60,Private Industries,"Professional, scientific, and technical services",5409
09/30/2015,2015Q3,64,Private Industries,Management of companies and enterprises,2189
09/30/2015,2015Q3,65,Private Industries,Administrative and waste management services,3533
09/30/2015,2015Q3,69,Private Industries,Educational services,1355
09/30/2015,2015Q3,70,Private Industries,Health care and social assistance,11780
09/30/2015,2015Q3,75,Private Industries,"Arts, entertainment, and recreation",1092
09/30/2015,2015Q3,78,Private Industries,Accommodation and food services,3863
09/30/2015,2015Q3,81,Private Industries,"Other services, except government",3620
09/30/2015,2015Q3,82,Government,Government,20272
12/31/2015,2015Q4,3,Private Industries,"Agriculture, forestry, fishing, and hunting",9320
12/31/2015,2015Q4,6,Private Industries,Mining,348
12/31/2015,2015Q4,10,Private Industries,Utilities,2689
12/31/2015,2015Q4,11,Private Industries,Construction,7856
12/31/2015,2015Q4,12,Private Industries,Manufacturing,34495
12/31/2015,2015Q4,34,Private Industries,Wholesale trade,10154
12/31/2015,2015Q4,35,Private Industries,Retail trade,9666
12/31/2015,2015Q4,36,Private Industries,Transportation and warehousing,5833
12/31/2015,2015Q4,45,Private Industries,Information,4288
12/31/2015,2015Q4,51,Private Industries,Finance and insurance,26616
12/31/2015,2015Q4,56,Private Industries,Real estate and rental and leasing,17648
12/31/2015,2015Q4,60,Private Industries,"Professional, scientific, and technical services",5438
12/31/2015,2015Q4,64,Private Industries,Management of companies and enterprises,2280
12/31/2015,2015Q4,65,Private Industries,Administrative and waste management services,3499
12/31/2015,2015Q4,69,Private Industries,Educational services,1375
12/31/2015,2015Q4,70,Private Industries,Health care and social assistance,11977
12/31/2015,2015Q4,75,Private Industries,"Arts, entertainment, and recreation",1118
12/31/2015,2015Q4,78,Private Industries,Accommodation and food services,3919
12/31/2015,2015Q4,81,Private Industries,"Other services, except government",3740
12/31/2015,2015Q4,82,Government,Government,20606
03/31/2016,2016Q1,3,Private Industries,"Agriculture, forestry, fishing, and hunting",8795
03/31/2016,2016Q1,6,Private Industries,Mining,285
03/31/2016,2016Q1,10,Private Industries,Utilities,3032
03/31/2016,2016Q1,11,Private Industries,Construction,8481
03/31/2016,2016Q1,12,Private Industries,Manufacturing,33361
03/31/2016,2016Q1,34,Private Industries,Wholesale trade,10115
03/31/2016,2016Q1,35,Private Industries,Retail trade,9729
03/31/2016,2016Q1,36,Private Industries,Transportation and warehousing,5788
03/31/2016,2016Q1,45,Private Industries,Information,3993
03/31/2016,2016Q1,51,Private Industries,Finance and insurance,26221
03/31/2016,2016Q1,56,Private Industries,Real estate and rental and leasing,17643
03/31/2016,2016Q1,60,Private Industries,"Professional, scientific, and technical services",5575
03/31/2016,2016Q1,64,Private Industries,Management of companies and enterprises,2309
03/31/2016,2016Q1,65,Private Industries,Administrative and waste management services,3477
03/31/2016,2016Q1,69,Private Industries,Educational services,1511
03/31/2016,2016Q1,70,Private Industries,Health care and social assistance,12090
03/31/2016,2016Q1,75,Private Industries,"Arts, entertainment, and recreation",1136
03/31/2016,2016Q1,78,Private Industries,Accommodation and food services,4034
03/31/2016,2016Q1,81,Private Industries,"Other services, except government",3816
03/31/2016,2016Q1,82,Government,Government,20694
06/30/2016,2016Q2,3,Private Industries,"Agriculture, forestry, fishing, and hunting",9335
06/30/2016,2016Q2,6,Private Industries,Mining,325
06/30/2016,2016Q2,10,Private Industries,Utilities,3115
06/30/2016,2016Q2,11,Private Industries,Construction,8427
06/30/2016,2016Q2,12,Private Industries,Manufacturing,32741
06/30/2016,2016Q2,34,Private Industries,Wholesale trade,10318
06/30/2016,2016Q2,35,Private Industries,Retail trade,9979
06/30/2016,2016Q2,36,Private Industries,Transportation and warehousing,5883
06/30/2016,2016Q2,45,Private Industries,Information,4088
06/30/2016,2016Q2,51,Private Industries,Finance and insurance,27390
06/30/2016,2016Q2,56,Private Industries,Real estate and rental and leasing,17948
06/30/2016,2016Q2,60,Private Industries,"Professional, scientific, and technical services",5718
06/30/2016,2016Q2,64,Private Industries,Management of companies and enterprises,2244
06/30/2016,2016Q2,65,Private Industries,Administrative and waste management services,3526
06/30/2016,2016Q2,69,Private Industries,Educational services,1500
06/30/2016,2016Q2,70,Private Industries,Health care and social assistance,12337
06/30/2016,2016Q2,75,Private Industries,"Arts, entertainment, and recreation",1160
06/30/2016,2016Q2,78,Private Industries,Accommodation and food services,4027
06/30/2016,2016Q2,81,Private Industries,"Other services, except government",3837
06/30/2016,2016Q2,82,Government,Government,20865
09/30/2016,2016Q3,3,Private Industries,"Agriculture, forestry, fishing, and hunting",8978
09/30/2016,2016Q3,6,Private Industries,Mining,331
09/30/2016,2016Q3,10,Private Industries,Utilities,3095
09/30/2016,2016Q3,11,Private Industries,Construction,8582
09/30/2016,2016Q3,12,Private Industries,Manufacturing,33063
09/30/2016,2016Q3,34,Private Industries,Wholesale trade,10339
09/30/2016,2016Q3,35,Private Industries,Retail trade,10033
09/30/2016,2016Q3,36,Private Industries,Transportation and warehousing,5937
09/30/2016,2016Q3,45,Private Industries,Information,4123
09/30/2016,2016Q3,51,Private Industries,Finance and insurance,29266
09/30/2016,2016Q3,56,Private Industries,Real estate and rental and leasing,18339
09/30/2016,2016Q3,60,Private Industries,"Professional, scientific, and technical services",5788
09/30/2016,2016Q3,64,Private Industries,Management of companies and enterprises,2174
09/30/2016,2016Q3,65,Private Industries,Administrative and waste management services,3576
09/30/2016,2016Q3,69,Private Industries,Educational services,1534
09/30/2016,2016Q3,70,Private Industries,Health care and social assistance,12453
09/30/2016,2016Q3,75,Private Industries,"Arts, entertainment, and recreation",1152
09/30/2016,2016Q3,78,Private Industries,Accommodation and food services,4076
09/30/2016,2016Q3,81,Private Industries,"Other services, except government",3848
09/30/2016,2016Q3,82,Government,Government,21064
12/31/2016,2016Q4,3,Private Industries,"Agriculture, forestry, fishing, and hunting",8838
12/31/2016,2016Q4,6,Private Industries,Mining,334
12/31/2016,2016Q4,10,Private Industries,Utilities,3305
12/31/2016,2016Q4,11,Private Industries,Construction,8506
12/31/2016,2016Q4,12,Private Industries,Manufacturing,32902
12/31/2016,2016Q4,34,Private Industries,Wholesale trade,10482
12/31/2016,2016Q4,35,Private Industries,Retail trade,10143
12/31/2016,2016Q4,36,Private Industries,Transportation and warehousing,5948
12/31/2016,2016Q4,45,Private Industries,Information,4078
12/31/2016,2016Q4,51,Private Industries,Finance and insurance,31140
12/31/2016,2016Q4,56,Private Industries,Real estate and rental and leasing,18609
12/31/2016,2016Q4,60,Private Industries,"Professional, scientific, and technical services",5824
12/31/2016,2016Q4,64,Private Industries,Management of companies and enterprises,2192
12/31/2016,2016Q4,65,Private Industries,Administrative and waste management services,3659
12/31/2016,2016Q4,69,Private Industries,Educational services,1515
12/31/2016,2016Q4,70,Private Industries,Health care and social assistance,12604
12/31/2016,2016Q4,75,Private Industries,"Arts, entertainment, and recreation",1167
12/31/2016,2016Q4,78,Private Industries,Accommodation and food services,4104
12/31/2016,2016Q4,81,Private Industries,"Other services, except government",3828
12/31/2016,2016Q4,82,Government,Government,21022
03/31/2017,2017Q1,3,Private Industries,"Agriculture, forestry, fishing, and hunting",9978
03/31/2017,2017Q1,6,Private Industries,Mining,352
03/31/2017,2017Q1,10,Private Industries,Utilities,3005
03/31/2017,2017Q1,11,Private Industries,Construction,8236
03/31/2017,2017Q1,12,Private Industries,Manufacturing,33339
03/31/2017,2017Q1,34,Private Industries,Wholesale trade,10717
03/31/2017,2017Q1,35,Private Industries,Retail trade,10174
03/31/2017,2017Q1,36,Private Industries,Transportation and warehousing,5901
03/31/2017,2017Q1,45,Private Industries,Information,3916
03/31/2017,2017Q1,51,Private Industries,Finance and insurance,29150
03/31/2017,2017Q1,56,Private Industries,Real estate and rental and leasing,18240
03/31/2017,2017Q1,60,Private Industries,"Professional, scientific, and technical services",5938
03/31/2017,2017Q1,64,Private Industries,Management of companies and enterprises,2251
03/31/2017,2017Q1,65,Private Industries,Administrative and waste management services,3633
03/31/2017,2017Q1,69,Private Industries,Educational services,1540
03/31/2017,2017Q1,70,Private Industries,Health care and social assistance,12440
03/31/2017,2017Q1,75,Private Industries,"Arts, entertainment, and recreation",1154
03/31/2017,2017Q1,78,Private Industries,Accommodation and food services,4133
03/31/2017,2017Q1,81,Private Industries,"Other services, except government",3800
03/31/2017,2017Q1,82,Government,Government,21230
06/30/2017,2017Q2,3,Private Industries,"Agriculture, forestry, fishing, and hunting",9195
06/30/2017,2017Q2,6,Private Industries,Mining,360
06/30/2017,2017Q2,10,Private Industries,Utilities,3504
06/30/2017,2017Q2,11,Private Industries,Construction,7756
06/30/2017,2017Q2,12,Private Industries,Manufacturing,33646
06/30/2017,2017Q2,34,Private Industries,Wholesale trade,10551
06/30/2017,2017Q2,35,Private Industries,Retail trade,10253
06/30/2017,2017Q2,36,Private Industries,Transportation and warehousing,6095
06/30/2017,2017Q2,45,Private Industries,Information,4127
06/30/2017,2017Q2,51,Private Industries,Finance and insurance,29592
06/30/2017,2017Q2,56,Private Industries,Real estate and rental and leasing,18971
06/30/2017,2017Q2,60,Private Industries,"Professional, scientific, and technical services",5956
06/30/2017,2017Q2,64,Private Industries,Management of companies and enterprises,2304
06/30/2017,2017Q2,65,Private Industries,Administrative and waste management services,3727
06/30/2017,2017Q2,69,Private Industries,Educational services,1505
06/30/2017,2017Q2,70,Private Industries,Health care and social assistance,13029
06/30/2017,2017Q2,75,Private Industries,"Arts, entertainment, and recreation",1195
06/30/2017,2017Q2,78,Private Industries,Accommodation and food services,4130
06/30/2017,2017Q2,81,Private Industries,"Other services, except government",3860
06/30/2017,2017Q2,82,Government,Government,21167
09/30/2017,2017Q3,3,Private Industries,"Agriculture, forestry, fishing, and hunting",8156
09/30/2017,2017Q3,6,Private Industries,Mining,349
09/30/2017,2017Q3,10,Private Industries,Utilities,3002
09/30/2017,2017Q3,11,Private Industries,Construction,7785
09/30/2017,2017Q3,12,Private Industries,Manufacturing,34878
09/30/2017,2017Q3,34,Private Industries,Wholesale trade,10823
09/30/2017,2017Q3,35,Private Industries,Retail trade,10281
09/30/2017,2017Q3,36,Private Industries,Transportation and warehousing,6102
09/30/2017,2017Q3,45,Private Industries,Information,4076
09/30/2017,2017Q3,51,Private Industries,Finance and insurance,28662
09/30/2017,2017Q3,56,Private Industries,Real estate and rental and leasing,18868
09/30/2017,2017Q3,60,Private Industries,"Professional, scientific, and technical services",6007
09/30/2017,2017Q3,64,Private Industries,Management of companies and enterprises,2142
09/30/2017,2017Q3,65,Private Industries,Administrative and waste management services,3749
09/30/2017,2017Q3,69,Private Industries,Educational services,1505
09/30/2017,2017Q3,70,Private Industries,Health care and social assistance,12633
09/30/2017,2017Q3,75,Private Industries,"Arts, entertainment, and recreation",1169
09/30/2017,2017Q3,78,Private Industries,Accommodation and food services,4208
09/30/2017,2017Q3,81,Private Industries,"Other services, except government",3822
09/30/2017,2017Q3,82,Government,Government,21425
12/31/2017,2017Q4,3,Private Industries,"Agriculture, forestry, fishing, and hunting",7151
12/31/2017,2017Q4,6,Private Industries,Mining,389
12/31/2017,2017Q4,10,Private Industries,Utilities,3065
12/31/2017,2017Q4,11,Private Industries,Construction,7795
12/31/2017,2017Q4,12,Private Industries,Manufacturing,36005
12/31/2017,2017Q4,34,Private Industries,Wholesale trade,10992
12/31/2017,2017Q4,35,Private Industries,Retail trade,10376
12/31/2017,2017Q4,36,Private Industries,Transportation and warehousing,6202
12/31/2017,2017Q4,45,Private Industries,Information,4054
12/31/2017,2017Q4,51,Private Industries,Finance and insurance,28759
12/31/2017,2017Q4,56,Private Industries,Real estate and rental and leasing,19198
12/31/2017,2017Q4,60,Private Industries,"Professional, scientific, and technical services",6054
12/31/2017,2017Q4,64,Private Industries,Management of companies and enterprises,2188
12/31/2017,2017Q4,65,Private Industries,Administrative and waste management services,3783
12/31/2017,2017Q4,69,Private Industries,Educational services,1501
12/31/2017,2017Q4,70,Private Industries,Health care and social assistance,12771
12/31/2017,2017Q4,75,Private Industries,"Arts, entertainment, and recreation",1129
12/31/2017,2017Q4,78,Private Industries,Accommodation and food services,4293
12/31/2017,2017Q4,81,Private Industries,"Other services, except government",3832
12/31/2017,2017Q4,82,Government,Government,21534
